[
    {
        "model": "catalog.brand",
        "pk": 1,
        "fields": {
            "name": "GOYO",
            "slug": "goyo"
        }
    },
    {
        "model": "catalog.brand",
        "pk": 2,
        "fields": {
            "name": "Titan",
            "slug": "titan"
        }
    },
    {
        "model": "catalog.brand",
        "pk": 3,
        "fields": {
            "name": "PowerFuel",
            "slug": "powerfuel"
        }
    },
    {
        "model": "catalog.brand",
        "pk": 4,
        "fields": {
            "name": "IronWear",
            "slug": "ironwear"
        }
    },
    {
        "model": "catalog.brand",
        "pk": 5,
        "fields": {
            "name": "FitLab",
            "slug": "fitlab"
        }
    },
    {
        "model": "catalog.category",
        "pk": 1,
        "fields": {
            "name": "Suplementos",
            "slug": "suplementos",
            "parent": null
        }
    },
    {
        "model": "catalog.category",
        "pk": 2,
        "fields": {
            "name": "Equipos",
            "slug": "equipos",
            "parent": null
        }
    },
    {
        "model": "catalog.category",
        "pk": 3,
        "fields": {
            "name": "Accesorios",
            "slug": "accesorios",
            "parent": null
        }
    },
    {
        "model": "catalog.category",
        "pk": 4,
        "fields": {
            "name": "Ropa",
            "slug": "ropa",
            "parent": null
        }
    },
    {
        "model": "catalog.category",
        "pk": 5,
        "fields": {
            "name": "Ofertas",
            "slug": "ofertas",
            "parent": null
        }
    },
    {
        "model": "catalog.category",
        "pk": 6,
        "fields": {
            "name": "Packs",
            "slug": "packs",
            "parent": null
        }
    },
    {
        "model": "catalog.product",
        "pk": 1,
        "fields": {
            "name": "Suplemento Demo 1",
            "slug": "suplemento-demo-1",
            "brand": 2,
            "category": 1,
            "sku_type": "variant",
            "description": "Descripción de Suplemento demo 1.",
            "is_active": true,
            "created_at": "2025-09-18T05:37:20Z",
            "updated_at": "2025-09-18T05:37:20Z"
        }
    },
    {
        "model": "catalog.product",
        "pk": 2,
        "fields": {
            "name": "Suplemento Demo 2",
            "slug": "suplemento-demo-2",
            "brand": 3,
            "category": 1,
            "sku_type": "variant",
            "description": "Descripción de Suplemento demo 2.",
            "is_active": true,
            "created_at": "2025-09-18T05:37:20Z",
            "updated_at": "2025-09-18T05:37:20Z"
        }
    },
    {
        "model": "catalog.product",
        "pk": 3,
        "fields": {
            "name": "Suplemento Demo 3",
            "slug": "suplemento-demo-3",
            "brand": 4,
            "category": 1,
            "sku_type": "variant",
            "description": "Descripción de Suplemento demo 3.",
            "is_active": true,
            "created_at": "2025-09-18T05:37:20Z",
            "updated_at": "2025-09-18T05:37:20Z"
        }
    },
    {
        "model": "catalog.product",
        "pk": 4,
        "fields": {
            "name": "Suplemento Demo 4",
            "slug": "suplemento-demo-4",
            "brand": 5,
            "category": 1,
            "sku_type": "variant",
            "description": "Descripción de Suplemento demo 4.",
            "is_active": true,
            "created_at": "2025-09-18T05:37:20Z",
            "updated_at": "2025-09-18T05:37:20Z"
        }
    },
    {
        "model": "catalog.product",
        "pk": 5,
        "fields": {
            "name": "Suplemento Demo 5",
            "slug": "suplemento-demo-5",
            "brand": 1,
            "category": 1,
            "sku_type": "variant",
            "description": "Descripción de Suplemento demo 5.",
            "is_active": true,
            "created_at": "2025-09-18T05:37:20Z",
            "updated_at": "2025-09-18T05:37:20Z"
        }
    },
    {
        "model": "catalog.product",
        "pk": 6,
        "fields": {
            "name": "Suplemento Demo 6",
            "slug": "suplemento-demo-6",
            "brand": 2,
            "category": 1,
            "sku_type": "variant",
            "description": "Descripción de Suplemento demo 6.",
            "is_active": true,
            "created_at": "2025-09-18T05:37:20Z",
            "updated_at": "2025-09-18T05:37:20Z"
        }
    },
    {
        "model": "catalog.product",
        "pk": 7,
        "fields": {
            "name": "Suplemento Demo 7",
            "slug": "suplemento-demo-7",
            "brand": 3,
            "category": 1,
            "sku_type": "variant",
            "description": "Descripción de Suplemento demo 7.",
            "is_active": true,
            "created_at": "2025-09-18T05:37:20Z",
            "updated_at": "2025-09-18T05:37:20Z"
        }
    },
    {
        "model": "catalog.product",
        "pk": 8,
        "fields": {
            "name": "Suplemento Demo 8",
            "slug": "suplemento-demo-8",
            "brand": 4,
            "category": 1,
            "sku_type": "variant",
            "description": "Descripción de Suplemento demo 8.",
            "is_active": true,
            "created_at": "2025-09-18T05:37:20Z",
            "updated_at": "2025-09-18T05:37:20Z"
        }
    },
    {
        "model": "catalog.product",
        "pk": 9,
        "fields": {
            "name": "Suplemento Demo 9",
            "slug": "suplemento-demo-9",
            "brand": 5,
            "category": 1,
            "sku_type": "variant",
            "description": "Descripción de Suplemento demo 9.",
            "is_active": true,
            "created_at": "2025-09-18T05:37:20Z",
            "updated_at": "2025-09-18T05:37:20Z"
        }
    },
    {
        "model": "catalog.product",
        "pk": 10,
        "fields": {
            "name": "Suplemento Demo 10",
            "slug": "suplemento-demo-10",
            "brand": 1,
            "category": 1,
            "sku_type": "variant",
            "description": "Descripción de Suplemento demo 10.",
            "is_active": true,
            "created_at": "2025-09-18T05:37:20Z",
            "updated_at": "2025-09-18T05:37:20Z"
        }
    },
    {
        "model": "catalog.product",
        "pk": 11,
        "fields": {
            "name": "Equipo Demo 1",
            "slug": "equipo-demo-1",
            "brand": 2,
            "category": 2,
            "sku_type": "variant",
            "description": "Descripción de Equipo demo 1.",
            "is_active": true,
            "created_at": "2025-09-18T05:37:20Z",
            "updated_at": "2025-09-18T05:37:20Z"
        }
    },
    {
        "model": "catalog.product",
        "pk": 12,
        "fields": {
            "name": "Equipo Demo 2",
            "slug": "equipo-demo-2",
            "brand": 3,
            "category": 2,
            "sku_type": "variant",
            "description": "Descripción de Equipo demo 2.",
            "is_active": true,
            "created_at": "2025-09-18T05:37:20Z",
            "updated_at": "2025-09-18T05:37:20Z"
        }
    },
    {
        "model": "catalog.product",
        "pk": 13,
        "fields": {
            "name": "Equipo Demo 3",
            "slug": "equipo-demo-3",
            "brand": 4,
            "category": 2,
            "sku_type": "variant",
            "description": "Descripción de Equipo demo 3.",
            "is_active": true,
            "created_at": "2025-09-18T05:37:20Z",
            "updated_at": "2025-09-18T05:37:20Z"
        }
    },
    {
        "model": "catalog.product",
        "pk": 14,
        "fields": {
            "name": "Equipo Demo 4",
            "slug": "equipo-demo-4",
            "brand": 5,
            "category": 2,
            "sku_type": "variant",
            "description": "Descripción de Equipo demo 4.",
            "is_active": true,
            "created_at": "2025-09-18T05:37:20Z",
            "updated_at": "2025-09-18T05:37:20Z"
        }
    },
    {
        "model": "catalog.product",
        "pk": 15,
        "fields": {
            "name": "Equipo Demo 5",
            "slug": "equipo-demo-5",
            "brand": 1,
            "category": 2,
            "sku_type": "variant",
            "description": "Descripción de Equipo demo 5.",
            "is_active": true,
            "created_at": "2025-09-18T05:37:20Z",
            "updated_at": "2025-09-18T05:37:20Z"
        }
    },
    {
        "model": "catalog.product",
        "pk": 16,
        "fields": {
            "name": "Equipo Demo 6",
            "slug": "equipo-demo-6",
            "brand": 2,
            "category": 2,
            "sku_type": "variant",
            "description": "Descripción de Equipo demo 6.",
            "is_active": true,
            "created_at": "2025-09-18T05:37:20Z",
            "updated_at": "2025-09-18T05:37:20Z"
        }
    },
    {
        "model": "catalog.product",
        "pk": 17,
        "fields": {
            "name": "Equipo Demo 7",
            "slug": "equipo-demo-7",
            "brand": 3,
            "category": 2,
            "sku_type": "variant",
            "description": "Descripción de Equipo demo 7.",
            "is_active": true,
            "created_at": "2025-09-18T05:37:20Z",
            "updated_at": "2025-09-18T05:37:20Z"
        }
    },
    {
        "model": "catalog.product",
        "pk": 18,
        "fields": {
            "name": "Equipo Demo 8",
            "slug": "equipo-demo-8",
            "brand": 4,
            "category": 2,
            "sku_type": "variant",
            "description": "Descripción de Equipo demo 8.",
            "is_active": true,
            "created_at": "2025-09-18T05:37:20Z",
            "updated_at": "2025-09-18T05:37:20Z"
        }
    },
    {
        "model": "catalog.product",
        "pk": 19,
        "fields": {
            "name": "Equipo Demo 9",
            "slug": "equipo-demo-9",
            "brand": 5,
            "category": 2,
            "sku_type": "variant",
            "description": "Descripción de Equipo demo 9.",
            "is_active": true,
            "created_at": "2025-09-18T05:37:20Z",
            "updated_at": "2025-09-18T05:37:20Z"
        }
    },
    {
        "model": "catalog.product",
        "pk": 20,
        "fields": {
            "name": "Equipo Demo 10",
            "slug": "equipo-demo-10",
            "brand": 1,
            "category": 2,
            "sku_type": "variant",
            "description": "Descripción de Equipo demo 10.",
            "is_active": true,
            "created_at": "2025-09-18T05:37:20Z",
            "updated_at": "2025-09-18T05:37:20Z"
        }
    },
    {
        "model": "catalog.product",
        "pk": 21,
        "fields": {
            "name": "Accesorio Demo 1",
            "slug": "accesorio-demo-1",
            "brand": 2,
            "category": 3,
            "sku_type": "variant",
            "description": "Descripción de Accesorio demo 1.",
            "is_active": true,
            "created_at": "2025-09-18T05:37:20Z",
            "updated_at": "2025-09-18T05:37:20Z"
        }
    },
    {
        "model": "catalog.product",
        "pk": 22,
        "fields": {
            "name": "Accesorio Demo 2",
            "slug": "accesorio-demo-2",
            "brand": 3,
            "category": 3,
            "sku_type": "variant",
            "description": "Descripción de Accesorio demo 2.",
            "is_active": true,
            "created_at": "2025-09-18T05:37:20Z",
            "updated_at": "2025-09-18T05:37:20Z"
        }
    },
    {
        "model": "catalog.product",
        "pk": 23,
        "fields": {
            "name": "Accesorio Demo 3",
            "slug": "accesorio-demo-3",
            "brand": 4,
            "category": 3,
            "sku_type": "variant",
            "description": "Descripción de Accesorio demo 3.",
            "is_active": true,
            "created_at": "2025-09-18T05:37:20Z",
            "updated_at": "2025-09-18T05:37:20Z"
        }
    },
    {
        "model": "catalog.product",
        "pk": 24,
        "fields": {
            "name": "Accesorio Demo 4",
            "slug": "accesorio-demo-4",
            "brand": 5,
            "category": 3,
            "sku_type": "variant",
            "description": "Descripción de Accesorio demo 4.",
            "is_active": true,
            "created_at": "2025-09-18T05:37:20Z",
            "updated_at": "2025-09-18T05:37:20Z"
        }
    },
    {
        "model": "catalog.product",
        "pk": 25,
        "fields": {
            "name": "Accesorio Demo 5",
            "slug": "accesorio-demo-5",
            "brand": 1,
            "category": 3,
            "sku_type": "variant",
            "description": "Descripción de Accesorio demo 5.",
            "is_active": true,
            "created_at": "2025-09-18T05:37:20Z",
            "updated_at": "2025-09-18T05:37:20Z"
        }
    },
    {
        "model": "catalog.product",
        "pk": 26,
        "fields": {
            "name": "Accesorio Demo 6",
            "slug": "accesorio-demo-6",
            "brand": 2,
            "category": 3,
            "sku_type": "variant",
            "description": "Descripción de Accesorio demo 6.",
            "is_active": true,
            "created_at": "2025-09-18T05:37:20Z",
            "updated_at": "2025-09-18T05:37:20Z"
        }
    },
    {
        "model": "catalog.product",
        "pk": 27,
        "fields": {
            "name": "Accesorio Demo 7",
            "slug": "accesorio-demo-7",
            "brand": 3,
            "category": 3,
            "sku_type": "variant",
            "description": "Descripción de Accesorio demo 7.",
            "is_active": true,
            "created_at": "2025-09-18T05:37:20Z",
            "updated_at": "2025-09-18T05:37:20Z"
        }
    },
    {
        "model": "catalog.product",
        "pk": 28,
        "fields": {
            "name": "Accesorio Demo 8",
            "slug": "accesorio-demo-8",
            "brand": 4,
            "category": 3,
            "sku_type": "variant",
            "description": "Descripción de Accesorio demo 8.",
            "is_active": true,
            "created_at": "2025-09-18T05:37:20Z",
            "updated_at": "2025-09-18T05:37:20Z"
        }
    },
    {
        "model": "catalog.product",
        "pk": 29,
        "fields": {
            "name": "Accesorio Demo 9",
            "slug": "accesorio-demo-9",
            "brand": 5,
            "category": 3,
            "sku_type": "variant",
            "description": "Descripción de Accesorio demo 9.",
            "is_active": true,
            "created_at": "2025-09-18T05:37:20Z",
            "updated_at": "2025-09-18T05:37:20Z"
        }
    },
    {
        "model": "catalog.product",
        "pk": 30,
        "fields": {
            "name": "Accesorio Demo 10",
            "slug": "accesorio-demo-10",
            "brand": 1,
            "category": 3,
            "sku_type": "variant",
            "description": "Descripción de Accesorio demo 10.",
            "is_active": true,
            "created_at": "2025-09-18T05:37:20Z",
            "updated_at": "2025-09-18T05:37:20Z"
        }
    },
    {
        "model": "catalog.product",
        "pk": 31,
        "fields": {
            "name": "Ropa Demo 1",
            "slug": "ropa-demo-1",
            "brand": 2,
            "category": 4,
            "sku_type": "variant",
            "description": "Descripción de Ropa demo 1.",
            "is_active": true,
            "created_at": "2025-09-18T05:37:20Z",
            "updated_at": "2025-09-18T05:37:20Z"
        }
    },
    {
        "model": "catalog.product",
        "pk": 32,
        "fields": {
            "name": "Ropa Demo 2",
            "slug": "ropa-demo-2",
            "brand": 3,
            "category": 4,
            "sku_type": "variant",
            "description": "Descripción de Ropa demo 2.",
            "is_active": true,
            "created_at": "2025-09-18T05:37:20Z",
            "updated_at": "2025-09-18T05:37:20Z"
        }
    },
    {
        "model": "catalog.product",
        "pk": 33,
        "fields": {
            "name": "Ropa Demo 3",
            "slug": "ropa-demo-3",
            "brand": 4,
            "category": 4,
            "sku_type": "variant",
            "description": "Descripción de Ropa demo 3.",
            "is_active": true,
            "created_at": "2025-09-18T05:37:20Z",
            "updated_at": "2025-09-18T05:37:20Z"
        }
    },
    {
        "model": "catalog.product",
        "pk": 34,
        "fields": {
            "name": "Ropa Demo 4",
            "slug": "ropa-demo-4",
            "brand": 5,
            "category": 4,
            "sku_type": "variant",
            "description": "Descripción de Ropa demo 4.",
            "is_active": true,
            "created_at": "2025-09-18T05:37:20Z",
            "updated_at": "2025-09-18T05:37:20Z"
        }
    },
    {
        "model": "catalog.product",
        "pk": 35,
        "fields": {
            "name": "Ropa Demo 5",
            "slug": "ropa-demo-5",
            "brand": 1,
            "category": 4,
            "sku_type": "variant",
            "description": "Descripción de Ropa demo 5.",
            "is_active": true,
            "created_at": "2025-09-18T05:37:20Z",
            "updated_at": "2025-09-18T05:37:20Z"
        }
    },
    {
        "model": "catalog.product",
        "pk": 36,
        "fields": {
            "name": "Ropa Demo 6",
            "slug": "ropa-demo-6",
            "brand": 2,
            "category": 4,
            "sku_type": "variant",
            "description": "Descripción de Ropa demo 6.",
            "is_active": true,
            "created_at": "2025-09-18T05:37:20Z",
            "updated_at": "2025-09-18T05:37:20Z"
        }
    },
    {
        "model": "catalog.product",
        "pk": 37,
        "fields": {
            "name": "Ropa Demo 7",
            "slug": "ropa-demo-7",
            "brand": 3,
            "category": 4,
            "sku_type": "variant",
            "description": "Descripción de Ropa demo 7.",
            "is_active": true,
            "created_at": "2025-09-18T05:37:20Z",
            "updated_at": "2025-09-18T05:37:20Z"
        }
    },
    {
        "model": "catalog.product",
        "pk": 38,
        "fields": {
            "name": "Ropa Demo 8",
            "slug": "ropa-demo-8",
            "brand": 4,
            "category": 4,
            "sku_type": "variant",
            "description": "Descripción de Ropa demo 8.",
            "is_active": true,
            "created_at": "2025-09-18T05:37:20Z",
            "updated_at": "2025-09-18T05:37:20Z"
        }
    },
    {
        "model": "catalog.product",
        "pk": 39,
        "fields": {
            "name": "Ropa Demo 9",
            "slug": "ropa-demo-9",
            "brand": 5,
            "category": 4,
            "sku_type": "variant",
            "description": "Descripción de Ropa demo 9.",
            "is_active": true,
            "created_at": "2025-09-18T05:37:20Z",
            "updated_at": "2025-09-18T05:37:20Z"
        }
    },
    {
        "model": "catalog.product",
        "pk": 40,
        "fields": {
            "name": "Ropa Demo 10",
            "slug": "ropa-demo-10",
            "brand": 1,
            "category": 4,
            "sku_type": "variant",
            "description": "Descripción de Ropa demo 10.",
            "is_active": true,
            "created_at": "2025-09-18T05:37:20Z",
            "updated_at": "2025-09-18T05:37:20Z"
        }
    },
    {
        "model": "catalog.product",
        "pk": 41,
        "fields": {
            "name": "Oferta Demo 1",
            "slug": "oferta-demo-1",
            "brand": 2,
            "category": 5,
            "sku_type": "variant",
            "description": "Descripción de Oferta demo 1.",
            "is_active": true,
            "created_at": "2025-09-18T05:37:20Z",
            "updated_at": "2025-09-18T05:37:20Z"
        }
    },
    {
        "model": "catalog.product",
        "pk": 42,
        "fields": {
            "name": "Oferta Demo 2",
            "slug": "oferta-demo-2",
            "brand": 3,
            "category": 5,
            "sku_type": "variant",
            "description": "Descripción de Oferta demo 2.",
            "is_active": true,
            "created_at": "2025-09-18T05:37:20Z",
            "updated_at": "2025-09-18T05:37:20Z"
        }
    },
    {
        "model": "catalog.product",
        "pk": 43,
        "fields": {
            "name": "Oferta Demo 3",
            "slug": "oferta-demo-3",
            "brand": 4,
            "category": 5,
            "sku_type": "variant",
            "description": "Descripción de Oferta demo 3.",
            "is_active": true,
            "created_at": "2025-09-18T05:37:20Z",
            "updated_at": "2025-09-18T05:37:20Z"
        }
    },
    {
        "model": "catalog.product",
        "pk": 44,
        "fields": {
            "name": "Oferta Demo 4",
            "slug": "oferta-demo-4",
            "brand": 5,
            "category": 5,
            "sku_type": "variant",
            "description": "Descripción de Oferta demo 4.",
            "is_active": true,
            "created_at": "2025-09-18T05:37:20Z",
            "updated_at": "2025-09-18T05:37:20Z"
        }
    },
    {
        "model": "catalog.product",
        "pk": 45,
        "fields": {
            "name": "Oferta Demo 5",
            "slug": "oferta-demo-5",
            "brand": 1,
            "category": 5,
            "sku_type": "variant",
            "description": "Descripción de Oferta demo 5.",
            "is_active": true,
            "created_at": "2025-09-18T05:37:20Z",
            "updated_at": "2025-09-18T05:37:20Z"
        }
    },
    {
        "model": "catalog.product",
        "pk": 46,
        "fields": {
            "name": "Oferta Demo 6",
            "slug": "oferta-demo-6",
            "brand": 2,
            "category": 5,
            "sku_type": "variant",
            "description": "Descripción de Oferta demo 6.",
            "is_active": true,
            "created_at": "2025-09-18T05:37:20Z",
            "updated_at": "2025-09-18T05:37:20Z"
        }
    },
    {
        "model": "catalog.product",
        "pk": 47,
        "fields": {
            "name": "Oferta Demo 7",
            "slug": "oferta-demo-7",
            "brand": 3,
            "category": 5,
            "sku_type": "variant",
            "description": "Descripción de Oferta demo 7.",
            "is_active": true,
            "created_at": "2025-09-18T05:37:20Z",
            "updated_at": "2025-09-18T05:37:20Z"
        }
    },
    {
        "model": "catalog.product",
        "pk": 48,
        "fields": {
            "name": "Oferta Demo 8",
            "slug": "oferta-demo-8",
            "brand": 4,
            "category": 5,
            "sku_type": "variant",
            "description": "Descripción de Oferta demo 8.",
            "is_active": true,
            "created_at": "2025-09-18T05:37:20Z",
            "updated_at": "2025-09-18T05:37:20Z"
        }
    },
    {
        "model": "catalog.product",
        "pk": 49,
        "fields": {
            "name": "Oferta Demo 9",
            "slug": "oferta-demo-9",
            "brand": 5,
            "category": 5,
            "sku_type": "variant",
            "description": "Descripción de Oferta demo 9.",
            "is_active": true,
            "created_at": "2025-09-18T05:37:20Z",
            "updated_at": "2025-09-18T05:37:20Z"
        }
    },
    {
        "model": "catalog.product",
        "pk": 50,
        "fields": {
            "name": "Oferta Demo 10",
            "slug": "oferta-demo-10",
            "brand": 1,
            "category": 5,
            "sku_type": "variant",
            "description": "Descripción de Oferta demo 10.",
            "is_active": true,
            "created_at": "2025-09-18T05:37:20Z",
            "updated_at": "2025-09-18T05:37:20Z"
        }
    },
    {
        "model": "catalog.product",
        "pk": 51,
        "fields": {
            "name": "Pack Demo 1",
            "slug": "pack-demo-1",
            "brand": 2,
            "category": 6,
            "sku_type": "variant",
            "description": "Descripción de Pack demo 1.",
            "is_active": true,
            "created_at": "2025-09-18T05:37:20Z",
            "updated_at": "2025-09-18T05:37:20Z"
        }
    },
    {
        "model": "catalog.product",
        "pk": 52,
        "fields": {
            "name": "Pack Demo 2",
            "slug": "pack-demo-2",
            "brand": 3,
            "category": 6,
            "sku_type": "variant",
            "description": "Descripción de Pack demo 2.",
            "is_active": true,
            "created_at": "2025-09-18T05:37:20Z",
            "updated_at": "2025-09-18T05:37:20Z"
        }
    },
    {
        "model": "catalog.product",
        "pk": 53,
        "fields": {
            "name": "Pack Demo 3",
            "slug": "pack-demo-3",
            "brand": 4,
            "category": 6,
            "sku_type": "variant",
            "description": "Descripción de Pack demo 3.",
            "is_active": true,
            "created_at": "2025-09-18T05:37:20Z",
            "updated_at": "2025-09-18T05:37:20Z"
        }
    },
    {
        "model": "catalog.product",
        "pk": 54,
        "fields": {
            "name": "Pack Demo 4",
            "slug": "pack-demo-4",
            "brand": 5,
            "category": 6,
            "sku_type": "variant",
            "description": "Descripción de Pack demo 4.",
            "is_active": true,
            "created_at": "2025-09-18T05:37:20Z",
            "updated_at": "2025-09-18T05:37:20Z"
        }
    },
    {
        "model": "catalog.product",
        "pk": 55,
        "fields": {
            "name": "Pack Demo 5",
            "slug": "pack-demo-5",
            "brand": 1,
            "category": 6,
            "sku_type": "variant",
            "description": "Descripción de Pack demo 5.",
            "is_active": true,
            "created_at": "2025-09-18T05:37:20Z",
            "updated_at": "2025-09-18T05:37:20Z"
        }
    },
    {
        "model": "catalog.product",
        "pk": 56,
        "fields": {
            "name": "Pack Demo 6",
            "slug": "pack-demo-6",
            "brand": 2,
            "category": 6,
            "sku_type": "variant",
            "description": "Descripción de Pack demo 6.",
            "is_active": true,
            "created_at": "2025-09-18T05:37:20Z",
            "updated_at": "2025-09-18T05:37:20Z"
        }
    },
    {
        "model": "catalog.product",
        "pk": 57,
        "fields": {
            "name": "Pack Demo 7",
            "slug": "pack-demo-7",
            "brand": 3,
            "category": 6,
            "sku_type": "variant",
            "description": "Descripción de Pack demo 7.",
            "is_active": true,
            "created_at": "2025-09-18T05:37:20Z",
            "updated_at": "2025-09-18T05:37:20Z"
        }
    },
    {
        "model": "catalog.product",
        "pk": 58,
        "fields": {
            "name": "Pack Demo 8",
            "slug": "pack-demo-8",
            "brand": 4,
            "category": 6,
            "sku_type": "variant",
            "description": "Descripción de Pack demo 8.",
            "is_active": true,
            "created_at": "2025-09-18T05:37:20Z",
            "updated_at": "2025-09-18T05:37:20Z"
        }
    },
    {
        "model": "catalog.product",
        "pk": 59,
        "fields": {
            "name": "Pack Demo 9",
            "slug": "pack-demo-9",
            "brand": 5,
            "category": 6,
            "sku_type": "variant",
            "description": "Descripción de Pack demo 9.",
            "is_active": true,
            "created_at": "2025-09-18T05:37:20Z",
            "updated_at": "2025-09-18T05:37:20Z"
        }
    },
    {
        "model": "catalog.product",
        "pk": 60,
        "fields": {
            "name": "Pack Demo 10",
            "slug": "pack-demo-10",
            "brand": 1,
            "category": 6,
            "sku_type": "variant",
            "description": "Descripción de Pack demo 10.",
            "is_active": true,
            "created_at": "2025-09-18T05:37:20Z",
            "updated_at": "2025-09-18T05:37:20Z"
        }
    },
    {
        "model": "catalog.variant",
        "pk": 1,
        "fields": {
            "product": 1,
            "sku": "SUP-001",
            "flavor": "Vainilla",
            "size": "",
            "color": "",
            "price": "100.00",
            "stock": 11,
            "is_active": true
        }
    },
    {
        "model": "catalog.variant",
        "pk": 2,
        "fields": {
            "product": 2,
            "sku": "SUP-002",
            "flavor": "Vainilla",
            "size": "",
            "color": "",
            "price": "100.00",
            "stock": 12,
            "is_active": true
        }
    },
    {
        "model": "catalog.variant",
        "pk": 3,
        "fields": {
            "product": 3,
            "sku": "SUP-003",
            "flavor": "Vainilla",
            "size": "",
            "color": "",
            "price": "100.00",
            "stock": 13,
            "is_active": true
        }
    },
    {
        "model": "catalog.variant",
        "pk": 4,
        "fields": {
            "product": 4,
            "sku": "SUP-004",
            "flavor": "Vainilla",
            "size": "",
            "color": "",
            "price": "100.00",
            "stock": 14,
            "is_active": true
        }
    },
    {
        "model": "catalog.variant",
        "pk": 5,
        "fields": {
            "product": 5,
            "sku": "SUP-005",
            "flavor": "Vainilla",
            "size": "",
            "color": "",
            "price": "100.00",
            "stock": 15,
            "is_active": true
        }
    },
    {
        "model": "catalog.variant",
        "pk": 6,
        "fields": {
            "product": 6,
            "sku": "SUP-006",
            "flavor": "Vainilla",
            "size": "",
            "color": "",
            "price": "100.00",
            "stock": 16,
            "is_active": true
        }
    },
    {
        "model": "catalog.variant",
        "pk": 7,
        "fields": {
            "product": 7,
            "sku": "SUP-007",
            "flavor": "Vainilla",
            "size": "",
            "color": "",
            "price": "100.00",
            "stock": 17,
            "is_active": true
        }
    },
    {
        "model": "catalog.variant",
        "pk": 8,
        "fields": {
            "product": 8,
            "sku": "SUP-008",
            "flavor": "Vainilla",
            "size": "",
            "color": "",
            "price": "100.00",
            "stock": 18,
            "is_active": true
        }
    },
    {
        "model": "catalog.variant",
        "pk": 9,
        "fields": {
            "product": 9,
            "sku": "SUP-009",
            "flavor": "Vainilla",
            "size": "",
            "color": "",
            "price": "100.00",
            "stock": 19,
            "is_active": true
        }
    },
    {
        "model": "catalog.variant",
        "pk": 10,
        "fields": {
            "product": 10,
            "sku": "SUP-010",
            "flavor": "Vainilla",
            "size": "",
            "color": "",
            "price": "100.00",
            "stock": 20,
            "is_active": true
        }
    },
    {
        "model": "catalog.variant",
        "pk": 11,
        "fields": {
            "product": 11,
            "sku": "EQU-001",
            "flavor": "",
            "size": "",
            "color": "",
            "price": "100.00",
            "stock": 11,
            "is_active": true
        }
    },
    {
        "model": "catalog.variant",
        "pk": 12,
        "fields": {
            "product": 12,
            "sku": "EQU-002",
            "flavor": "",
            "size": "",
            "color": "",
            "price": "100.00",
            "stock": 12,
            "is_active": true
        }
    },
    {
        "model": "catalog.variant",
        "pk": 13,
        "fields": {
            "product": 13,
            "sku": "EQU-003",
            "flavor": "",
            "size": "",
            "color": "",
            "price": "100.00",
            "stock": 13,
            "is_active": true
        }
    },
    {
        "model": "catalog.variant",
        "pk": 14,
        "fields": {
            "product": 14,
            "sku": "EQU-004",
            "flavor": "",
            "size": "",
            "color": "",
            "price": "100.00",
            "stock": 14,
            "is_active": true
        }
    },
    {
        "model": "catalog.variant",
        "pk": 15,
        "fields": {
            "product": 15,
            "sku": "EQU-005",
            "flavor": "",
            "size": "",
            "color": "",
            "price": "100.00",
            "stock": 15,
            "is_active": true
        }
    },
    {
        "model": "catalog.variant",
        "pk": 16,
        "fields": {
            "product": 16,
            "sku": "EQU-006",
            "flavor": "",
            "size": "",
            "color": "",
            "price": "100.00",
            "stock": 16,
            "is_active": true
        }
    },
    {
        "model": "catalog.variant",
        "pk": 17,
        "fields": {
            "product": 17,
            "sku": "EQU-007",
            "flavor": "",
            "size": "",
            "color": "",
            "price": "100.00",
            "stock": 17,
            "is_active": true
        }
    },
    {
        "model": "catalog.variant",
        "pk": 18,
        "fields": {
            "product": 18,
            "sku": "EQU-008",
            "flavor": "",
            "size": "",
            "color": "",
            "price": "100.00",
            "stock": 18,
            "is_active": true
        }
    },
    {
        "model": "catalog.variant",
        "pk": 19,
        "fields": {
            "product": 19,
            "sku": "EQU-009",
            "flavor": "",
            "size": "",
            "color": "",
            "price": "100.00",
            "stock": 19,
            "is_active": true
        }
    },
    {
        "model": "catalog.variant",
        "pk": 20,
        "fields": {
            "product": 20,
            "sku": "EQU-010",
            "flavor": "",
            "size": "",
            "color": "",
            "price": "100.00",
            "stock": 20,
            "is_active": true
        }
    },
    {
        "model": "catalog.variant",
        "pk": 21,
        "fields": {
            "product": 21,
            "sku": "ACC-001",
            "flavor": "",
            "size": "M",
            "color": "",
            "price": "100.00",
            "stock": 11,
            "is_active": true
        }
    },
    {
        "model": "catalog.variant",
        "pk": 22,
        "fields": {
            "product": 22,
            "sku": "ACC-002",
            "flavor": "",
            "size": "M",
            "color": "",
            "price": "100.00",
            "stock": 12,
            "is_active": true
        }
    },
    {
        "model": "catalog.variant",
        "pk": 23,
        "fields": {
            "product": 23,
            "sku": "ACC-003",
            "flavor": "",
            "size": "M",
            "color": "",
            "price": "100.00",
            "stock": 13,
            "is_active": true
        }
    },
    {
        "model": "catalog.variant",
        "pk": 24,
        "fields": {
            "product": 24,
            "sku": "ACC-004",
            "flavor": "",
            "size": "M",
            "color": "",
            "price": "100.00",
            "stock": 14,
            "is_active": true
        }
    },
    {
        "model": "catalog.variant",
        "pk": 25,
        "fields": {
            "product": 25,
            "sku": "ACC-005",
            "flavor": "",
            "size": "M",
            "color": "",
            "price": "100.00",
            "stock": 15,
            "is_active": true
        }
    },
    {
        "model": "catalog.variant",
        "pk": 26,
        "fields": {
            "product": 26,
            "sku": "ACC-006",
            "flavor": "",
            "size": "M",
            "color": "",
            "price": "100.00",
            "stock": 16,
            "is_active": true
        }
    },
    {
        "model": "catalog.variant",
        "pk": 27,
        "fields": {
            "product": 27,
            "sku": "ACC-007",
            "flavor": "",
            "size": "M",
            "color": "",
            "price": "100.00",
            "stock": 17,
            "is_active": true
        }
    },
    {
        "model": "catalog.variant",
        "pk": 28,
        "fields": {
            "product": 28,
            "sku": "ACC-008",
            "flavor": "",
            "size": "M",
            "color": "",
            "price": "100.00",
            "stock": 18,
            "is_active": true
        }
    },
    {
        "model": "catalog.variant",
        "pk": 29,
        "fields": {
            "product": 29,
            "sku": "ACC-009",
            "flavor": "",
            "size": "M",
            "color": "",
            "price": "100.00",
            "stock": 19,
            "is_active": true
        }
    },
    {
        "model": "catalog.variant",
        "pk": 30,
        "fields": {
            "product": 30,
            "sku": "ACC-010",
            "flavor": "",
            "size": "M",
            "color": "",
            "price": "100.00",
            "stock": 20,
            "is_active": true
        }
    },
    {
        "model": "catalog.variant",
        "pk": 31,
        "fields": {
            "product": 31,
            "sku": "ROP-001",
            "flavor": "",
            "size": "M",
            "color": "Negro",
            "price": "100.00",
            "stock": 11,
            "is_active": true
        }
    },
    {
        "model": "catalog.variant",
        "pk": 32,
        "fields": {
            "product": 32,
            "sku": "ROP-002",
            "flavor": "",
            "size": "M",
            "color": "Negro",
            "price": "100.00",
            "stock": 12,
            "is_active": true
        }
    },
    {
        "model": "catalog.variant",
        "pk": 33,
        "fields": {
            "product": 33,
            "sku": "ROP-003",
            "flavor": "",
            "size": "M",
            "color": "Negro",
            "price": "100.00",
            "stock": 13,
            "is_active": true
        }
    },
    {
        "model": "catalog.variant",
        "pk": 34,
        "fields": {
            "product": 34,
            "sku": "ROP-004",
            "flavor": "",
            "size": "M",
            "color": "Negro",
            "price": "100.00",
            "stock": 14,
            "is_active": true
        }
    },
    {
        "model": "catalog.variant",
        "pk": 35,
        "fields": {
            "product": 35,
            "sku": "ROP-005",
            "flavor": "",
            "size": "M",
            "color": "Negro",
            "price": "100.00",
            "stock": 15,
            "is_active": true
        }
    },
    {
        "model": "catalog.variant",
        "pk": 36,
        "fields": {
            "product": 36,
            "sku": "ROP-006",
            "flavor": "",
            "size": "M",
            "color": "Negro",
            "price": "100.00",
            "stock": 16,
            "is_active": true
        }
    },
    {
        "model": "catalog.variant",
        "pk": 37,
        "fields": {
            "product": 37,
            "sku": "ROP-007",
            "flavor": "",
            "size": "M",
            "color": "Negro",
            "price": "100.00",
            "stock": 17,
            "is_active": true
        }
    },
    {
        "model": "catalog.variant",
        "pk": 38,
        "fields": {
            "product": 38,
            "sku": "ROP-008",
            "flavor": "",
            "size": "M",
            "color": "Negro",
            "price": "100.00",
            "stock": 18,
            "is_active": true
        }
    },
    {
        "model": "catalog.variant",
        "pk": 39,
        "fields": {
            "product": 39,
            "sku": "ROP-009",
            "flavor": "",
            "size": "M",
            "color": "Negro",
            "price": "100.00",
            "stock": 19,
            "is_active": true
        }
    },
    {
        "model": "catalog.variant",
        "pk": 40,
        "fields": {
            "product": 40,
            "sku": "ROP-010",
            "flavor": "",
            "size": "M",
            "color": "Negro",
            "price": "100.00",
            "stock": 20,
            "is_active": true
        }
    },
    {
        "model": "catalog.variant",
        "pk": 41,
        "fields": {
            "product": 41,
            "sku": "OFE-001",
            "flavor": "",
            "size": "",
            "color": "",
            "price": "100.00",
            "stock": 11,
            "is_active": true
        }
    },
    {
        "model": "catalog.variant",
        "pk": 42,
        "fields": {
            "product": 42,
            "sku": "OFE-002",
            "flavor": "",
            "size": "",
            "color": "",
            "price": "100.00",
            "stock": 12,
            "is_active": true
        }
    },
    {
        "model": "catalog.variant",
        "pk": 43,
        "fields": {
            "product": 43,
            "sku": "OFE-003",
            "flavor": "",
            "size": "",
            "color": "",
            "price": "100.00",
            "stock": 13,
            "is_active": true
        }
    },
    {
        "model": "catalog.variant",
        "pk": 44,
        "fields": {
            "product": 44,
            "sku": "OFE-004",
            "flavor": "",
            "size": "",
            "color": "",
            "price": "100.00",
            "stock": 14,
            "is_active": true
        }
    },
    {
        "model": "catalog.variant",
        "pk": 45,
        "fields": {
            "product": 45,
            "sku": "OFE-005",
            "flavor": "",
            "size": "",
            "color": "",
            "price": "100.00",
            "stock": 15,
            "is_active": true
        }
    },
    {
        "model": "catalog.variant",
        "pk": 46,
        "fields": {
            "product": 46,
            "sku": "OFE-006",
            "flavor": "",
            "size": "",
            "color": "",
            "price": "100.00",
            "stock": 16,
            "is_active": true
        }
    },
    {
        "model": "catalog.variant",
        "pk": 47,
        "fields": {
            "product": 47,
            "sku": "OFE-007",
            "flavor": "",
            "size": "",
            "color": "",
            "price": "100.00",
            "stock": 17,
            "is_active": true
        }
    },
    {
        "model": "catalog.variant",
        "pk": 48,
        "fields": {
            "product": 48,
            "sku": "OFE-008",
            "flavor": "",
            "size": "",
            "color": "",
            "price": "100.00",
            "stock": 18,
            "is_active": true
        }
    },
    {
        "model": "catalog.variant",
        "pk": 49,
        "fields": {
            "product": 49,
            "sku": "OFE-009",
            "flavor": "",
            "size": "",
            "color": "",
            "price": "100.00",
            "stock": 19,
            "is_active": true
        }
    },
    {
        "model": "catalog.variant",
        "pk": 50,
        "fields": {
            "product": 50,
            "sku": "OFE-010",
            "flavor": "",
            "size": "",
            "color": "",
            "price": "100.00",
            "stock": 20,
            "is_active": true
        }
    },
    {
        "model": "catalog.variant",
        "pk": 51,
        "fields": {
            "product": 51,
            "sku": "PAC-001",
            "flavor": "",
            "size": "",
            "color": "",
            "price": "100.00",
            "stock": 11,
            "is_active": true
        }
    },
    {
        "model": "catalog.variant",
        "pk": 52,
        "fields": {
            "product": 52,
            "sku": "PAC-002",
            "flavor": "",
            "size": "",
            "color": "",
            "price": "100.00",
            "stock": 12,
            "is_active": true
        }
    },
    {
        "model": "catalog.variant",
        "pk": 53,
        "fields": {
            "product": 53,
            "sku": "PAC-003",
            "flavor": "",
            "size": "",
            "color": "",
            "price": "100.00",
            "stock": 13,
            "is_active": true
        }
    },
    {
        "model": "catalog.variant",
        "pk": 54,
        "fields": {
            "product": 54,
            "sku": "PAC-004",
            "flavor": "",
            "size": "",
            "color": "",
            "price": "100.00",
            "stock": 14,
            "is_active": true
        }
    },
    {
        "model": "catalog.variant",
        "pk": 55,
        "fields": {
            "product": 55,
            "sku": "PAC-005",
            "flavor": "",
            "size": "",
            "color": "",
            "price": "100.00",
            "stock": 15,
            "is_active": true
        }
    },
    {
        "model": "catalog.variant",
        "pk": 56,
        "fields": {
            "product": 56,
            "sku": "PAC-006",
            "flavor": "",
            "size": "",
            "color": "",
            "price": "100.00",
            "stock": 16,
            "is_active": true
        }
    },
    {
        "model": "catalog.variant",
        "pk": 57,
        "fields": {
            "product": 57,
            "sku": "PAC-007",
            "flavor": "",
            "size": "",
            "color": "",
            "price": "100.00",
            "stock": 17,
            "is_active": true
        }
    },
    {
        "model": "catalog.variant",
        "pk": 58,
        "fields": {
            "product": 58,
            "sku": "PAC-008",
            "flavor": "",
            "size": "",
            "color": "",
            "price": "100.00",
            "stock": 18,
            "is_active": true
        }
    },
    {
        "model": "catalog.variant",
        "pk": 59,
        "fields": {
            "product": 59,
            "sku": "PAC-009",
            "flavor": "",
            "size": "",
            "color": "",
            "price": "100.00",
            "stock": 19,
            "is_active": true
        }
    },
    {
        "model": "catalog.variant",
        "pk": 60,
        "fields": {
            "product": 60,
            "sku": "PAC-010",
            "flavor": "",
            "size": "",
            "color": "",
            "price": "100.00",
            "stock": 20,
            "is_active": true
        }
    }
]